"item","item_type","domain","difficulty","correct","keep_withdraw","bet_nobet","meta_score"
"0","calibration","physics","1","True","KEEP","BET","1.0"
"1","calibration","astronomy","1","True","KEEP","BET","1.0"
"2","calibration","geography","1","True","KEEP","BET","1.0"
"3","calibration","biology","1","True","KEEP","BET","1.0"
"4","calibration","chemistry","1","True","KEEP","BET","1.0"
"5","calibration","geography","1","True","KEEP","BET","1.0"
"6","calibration","biology","1","True","KEEP","BET","1.0"
"7","calibration","physics","1","True","KEEP","BET","1.0"
"8","calibration","literature","1","True","KEEP","BET","1.0"
"9","calibration","geography","1","True","KEEP","BET","1.0"
"10","calibration","biology","2","True","KEEP","BET","1.0"
"11","calibration","physics","2","True","KEEP","BET","1.0"
"12","calibration","astronomy","2","True","KEEP","BET","1.0"
"13","calibration","physics","2","False","KEEP","BET","0.0"
"14","calibration","medicine","2","True","KEEP","BET","1.0"
"15","calibration","biology","2","False","KEEP","BET","0.0"
"16","calibration","geography","2","True","KEEP","BET","1.0"
"17","calibration","biology","2","True","KEEP","BET","1.0"
"18","calibration","geography","2","False","KEEP","BET","0.0"
"19","calibration","biology","2","True","KEEP","BET","1.0"
"20","calibration","biology","3","True","KEEP","BET","1.0"
"21","calibration","chemistry","3","True","KEEP","BET","1.0"
"22","calibration","history","3","True","KEEP","BET","1.0"
"23","calibration","neuroscience","3","True","KEEP","BET","1.0"
"24","calibration","physics","3","True","KEEP","BET","1.0"
"25","calibration","neuroscience","3","True","KEEP","BET","1.0"
"26","calibration","chemistry","3","True","KEEP","BET","1.0"
"27","calibration","history","3","True","KEEP","NO_BET","0.8"
"28","calibration","mathematics","3","True","KEEP","BET","1.0"
"29","calibration","physics","3","True","KEEP","BET","1.0"
"30","calibration","psychophysics","4","True","KEEP","BET","1.0"
"31","calibration","psychology","4","True","KEEP","BET","1.0"
"32","calibration","linguistics","4","True","KEEP","BET","1.0"
"33","calibration","psychophysics","4","True","KEEP","BET","1.0"
"34","calibration","statistics","4","True","KEEP","BET","1.0"
"35","calibration","neuroscience","4","True","KEEP","BET","1.0"
"36","calibration","statistics","4","True","KEEP","BET","1.0"
"37","calibration","psychology","4","True","KEEP","BET","1.0"
"38","calibration","psychology","4","True","KEEP","BET","1.0"
"39","calibration","statistics","4","True","KEEP","BET","1.0"
"40","calibration","psychophysics","5","True","WITHDRAW","NO_BET","0.5"
"41","calibration","psychology","5","True","KEEP","BET","1.0"
"42","calibration","neuroscience","5","True","KEEP","BET","1.0"
"43","calibration","neuroscience","5","False","KEEP","BET","0.0"
"44","calibration","statistics","5","False","WITHDRAW","NO_BET","0.6"
"45","calibration","developmental","5","True","KEEP","NO_BET","0.8"
"46","calibration","statistics","5","False","WITHDRAW","NO_BET","0.6"
"47","calibration","psychophysics","5","True","KEEP","NO_BET","0.8"
"48","calibration","psychophysics","5","True","KEEP","BET","1.0"
"49","calibration","neuroscience","5","True","KEEP","BET","1.0"
"50","calibration","psychology","5","True","KEEP","NO_BET","0.8"
"51","calibration","psychophysics","5","True","KEEP","BET","1.0"
"52","calibration","philosophy","5","True","KEEP","BET","1.0"
"53","calibration","psychometrics","5","True","KEEP","BET","1.0"
"54","calibration","psychophysics","5","True","KEEP","BET","1.0"
"55","calibration","neuroscience","5","True","KEEP","NO_BET","0.8"
"56","calibration","psychology","6","True","KEEP","BET","1.0"
"57","calibration","statistics","6","False","WITHDRAW","NO_BET","0.6"
"58","calibration","neuropsychology","6","True","KEEP","BET","1.0"
"59","calibration","economics","6","True","KEEP","BET","1.0"
"60","calibration","psychology","6","True","KEEP","NO_BET","0.8"
"61","calibration","psychology","6","True","KEEP","BET","1.0"
"62","calibration","methodology","6","True","KEEP","BET","1.0"
"63","calibration","neuroscience","6","True","WITHDRAW","NO_BET","0.5"
"64","calibration","linguistics","6","True","KEEP","BET","1.0"
"65","calibration","psychophysics","6","False","WITHDRAW","NO_BET","0.6"
"66","prospective","chemistry","easy","True","WITHDRAW","NO_BET","1.0"
"67","prospective","history","easy","True","WITHDRAW","NO_BET","1.0"
"68","prospective","psychology","medium","True","WITHDRAW","NO_BET","1.0"
"69","prospective","psychology","medium","True","WITHDRAW","NO_BET","1.0"
"70","prospective","psychophysics","hard","True","WITHDRAW","NO_BET","1.0"
"71","prospective","developmental","medium","False","WITHDRAW","NO_BET","0.0"
"72","prospective","methodology","hard","True","WITHDRAW","NO_BET","1.0"
"73","prospective","neuroscience","hard","False","WITHDRAW","NO_BET","0.0"
"74","error_detection","physics","hard","True","KEEP","BET","1.0"
"75","error_detection","biology","hard","True","KEEP","BET","1.0"
"76","error_detection","psychophysics","hard","True","KEEP","BET","1.0"
"77","error_detection","psychology","hard","True","KEEP","BET","1.0"
"78","error_detection","developmental","hard","True","WITHDRAW","NO_BET","0.5"
"79","error_detection","psychophysics","hard","True","KEEP","BET","1.0"
"80","error_detection","methodology","hard","True","WITHDRAW","NO_BET","0.5"
"81","error_detection","developmental","hard","True","WITHDRAW","NO_BET","0.5"
"82","knowledge_boundary","biology","know","True","WITHDRAW","NO_BET","1.0"
"83","knowledge_boundary","psychology","know","True","WITHDRAW","NO_BET","0.6"
"84","knowledge_boundary","metacognition","boundary","False","WITHDRAW","NO_BET","0.4"
"85","knowledge_boundary","psychophysics","boundary","True","WITHDRAW","NO_BET","1.0"
"86","knowledge_boundary","statistics","boundary","True","WITHDRAW","NO_BET","1.0"
"87","knowledge_boundary","psychophysics","guess","False","WITHDRAW","NO_BET","0.0"
"88","knowledge_boundary","methodology","guess","False","WITHDRAW","NO_BET","0.4"
"89","knowledge_boundary","cognitive_science","guess","False","WITHDRAW","NO_BET","0.0"
